title,url,source,collected_at,price,currency,rating,category,store,summary
asus vivobook x441na-ga190,https://webscraper.io/test-sites/e-commerce/ajax/product/60,webscraper_test_site,2026-09-26T09:05:03.977361+00:00,295.99,USD,5.0,laptops,webscraper,"asus vivobook x441na-ga190 chocolate black, 14"", celeron n3450, 4gb, 128gb ssd, endless os, eng kbd"
prestigio smartbook 133s dark grey,https://webscraper.io/test-sites/e-commerce/ajax/product/61,webscraper_test_site,2026-09-26T09:05:03.977361+00:00,299.0,USD,5.0,laptops,webscraper,"prestigio smartbook 133s dark grey, 13.3"" fhd ips, celeron n3350 1.1ghz, 4gb, 32gb, windows 10 pro + office 365 1 gadam"
prestigio smartbook 133s gold,https://webscraper.io/test-sites/e-commerce/ajax/product/62,webscraper_test_site,2026-09-26T09:05:03.977361+00:00,299.0,USD,5.0,laptops,webscraper,"prestigio smartbook 133s gold, 13.3"" fhd ips, celeron n3350 1.1ghz, 4gb, 32gb, windows 10 pro + office 365 1 gadam"
aspire e1-510,https://webscraper.io/test-sites/e-commerce/ajax/product/32,webscraper_test_site,2026-09-26T09:05:03.977361+00:00,306.99,USD,5.0,laptops,webscraper,"15.6"", pentium n3520 2.16ghz, 4gb, 500gb, linux"
lenovo v110-15iap,https://webscraper.io/test-sites/e-commerce/ajax/product/63,webscraper_test_site,2026-09-26T09:05:03.977361+00:00,321.94,USD,5.0,laptops,webscraper,"lenovo v110-15iap, 15.6"" hd, celeron n3350 1.1ghz, 4gb, 128gb ssd, windows 10 home"
lenovo v110-15iap,https://webscraper.io/test-sites/e-commerce/ajax/product/64,webscraper_test_site,2026-09-26T09:05:03.977361+00:00,356.49,USD,5.0,laptops,webscraper,"asus vivobook 15 x540na-gq008t chocolate black, 15.6"" hd, pentium n4200, 4gb, 500gb, windows 10 home, en kbd"
hewlett packard 250 g6 dark ash silver,https://webscraper.io/test-sites/e-commerce/ajax/product/65,webscraper_test_site,2026-09-26T09:05:03.977361+00:00,364.46,USD,5.0,laptops,webscraper,"hewlett packard 250 g6 dark ash silver, 15.6"" hd, celeron n3060 1.6ghz, 4gb, 128gb ssd, dos"
acer aspire 3 a315-31 black,https://webscraper.io/test-sites/e-commerce/ajax/product/66,webscraper_test_site,2026-09-26T09:05:03.977361+00:00,372.7,USD,5.0,laptops,webscraper,"acer aspire 3 a315-31 black, 15.6"" hd, celeron n3350 1.1ghz, 4gb, 128gb ssd, windows 10 home"
acer aspire a315-31-c33j,https://webscraper.io/test-sites/e-commerce/ajax/product/67,webscraper_test_site,2026-09-26T09:05:03.977361+00:00,379.94,USD,5.0,laptops,webscraper,"acer aspire a315-31-c33j black 15.6"", hd, celeron n3350, 4gb ddr3l, 128gb, windows 10 home, eng"
acer aspire es1-572 black,https://webscraper.io/test-sites/e-commerce/ajax/product/68,webscraper_test_site,2026-09-26T09:05:03.977361+00:00,379.95,USD,5.0,laptops,webscraper,"acer aspire es1-572 black, 15.6"" hd, core i3-6006u, 4gb, 128gb ssd, linux"
acer aspire 3 a315-31 black,https://webscraper.io/test-sites/e-commerce/ajax/product/69,webscraper_test_site,2026-09-26T09:05:03.977361+00:00,391.48,USD,5.0,laptops,webscraper,"acer aspire 3 a315-31 black, 15.6"" hd, pentium n4200 1.1ghz, 4gb, 128gb ssd, windows 10 home"
acer aspire 3 a315-21,https://webscraper.io/test-sites/e-commerce/ajax/product/70,webscraper_test_site,2026-09-26T09:05:03.977361+00:00,393.88,USD,5.0,laptops,webscraper,"acer aspire 3 a315-21, 15.6"", amd a4-9120. 4gb. 128gb ssd, linux"
asus vivobook max,https://webscraper.io/test-sites/e-commerce/ajax/product/45,webscraper_test_site,2026-09-26T09:05:03.977361+00:00,399.0,USD,5.0,laptops,webscraper,"asus vivobook max x541na-gq041 black chocolate, 15.6"" hd, pentium n4200 1.1ghz, 4gb, 500gb, windows 10 home"
asus vivobook e502na-go022t dark blue,https://webscraper.io/test-sites/e-commerce/ajax/product/71,webscraper_test_site,2026-09-26T09:05:03.977361+00:00,399.99,USD,5.0,laptops,webscraper,"asus vivobook e502na-go022t dark blue, 15.6"" hd, pentium n4200 1.1ghz, 4gb, 128gb ssd, windows 10 home, en/ru kbd"
lenovo thinkpad e31-80,https://webscraper.io/test-sites/e-commerce/ajax/product/72,webscraper_test_site,2026-09-26T09:05:03.977361+00:00,404.23,USD,5.0,laptops,webscraper,"lenovo thinkpad e31-80, 13.3"" hd, celeron 3855u 1.6ghz, 4gb, 128gb ssd, windows 10 home"
acer aspire 3 a315-31 black,https://webscraper.io/test-sites/e-commerce/ajax/product/73,webscraper_test_site,2026-09-26T09:05:03.977361+00:00,408.98,USD,5.0,laptops,webscraper,"acer aspire 3 a315-31 black, 15.6"" hd, pentium n4200 1.1ghz, 4gb, 128gb ssd, windows 10 home"
lenovo v110-15isk,https://webscraper.io/test-sites/e-commerce/ajax/product/74,webscraper_test_site,2026-09-26T09:05:03.977361+00:00,409.63,USD,5.0,laptops,webscraper,"lenovo v110-15isk, 15.6"" hd, core i3-6006u, 8gb, 128gb ssd, windows 10 home"
acer aspire es1-732 black,https://webscraper.io/test-sites/e-commerce/ajax/product/75,webscraper_test_site,2026-09-26T09:05:03.977361+00:00,410.46,USD,5.0,laptops,webscraper,"acer aspire es1-732 black, 17.3"" hd+, celeron, n3350, 4gb, 1tb, windows 10 home"
asus vivobook 15 x540na-gq026t,https://webscraper.io/test-sites/e-commerce/ajax/product/76,webscraper_test_site,2026-09-26T09:05:03.977361+00:00,410.66,USD,5.0,laptops,webscraper,"asus vivobook 15 x540na-gq026t chocolate black, 15.6"" hd, pentium n4200, 4gb, 128gb ssd, windows 10 home, en/ru kbd"
packard 255 g2,https://webscraper.io/test-sites/e-commerce/ajax/product/31,webscraper_test_site,2026-09-26T09:05:03.977361+00:00,416.99,USD,5.0,laptops,webscraper,"15.6"", amd e2-3800 1.3ghz, 4gb, 500gb, windows 8.1"
asus eeebook r416na-fa014t,https://webscraper.io/test-sites/e-commerce/ajax/product/77,webscraper_test_site,2026-09-26T09:05:03.977361+00:00,433.3,USD,5.0,laptops,webscraper,"asus eeebook r416na-fa014t, 14"" fhd, pentium n4200, 4gb, 128gb emmc, windows 10 home, eng kbd"
acer aspire 3 a315-51,https://webscraper.io/test-sites/e-commerce/ajax/product/78,webscraper_test_site,2026-09-26T09:05:03.977361+00:00,436.29,USD,5.0,laptops,webscraper,"acer aspire 3 a315-51, 15.6"" hd, core i3-6006u, 4gb, 1tb, windows 10 home"
acer aspire es1-572 black,https://webscraper.io/test-sites/e-commerce/ajax/product/79,webscraper_test_site,2026-09-26T09:05:03.977361+00:00,436.29,USD,5.0,laptops,webscraper,"acer aspire es1-572 black, 15.6"" hd, core i3-6006u, 4gb, 500gb, windows 10 home"
acer extensa 15 (2540) black,https://webscraper.io/test-sites/e-commerce/ajax/product/80,webscraper_test_site,2026-09-26T09:05:03.977361+00:00,439.73,USD,5.0,laptops,webscraper,"acer extensa 15 (2540) black, 15.6"" hd, core i5-7200u, 4gb, 500gb, linux"
acer aspire es1-572 black,https://webscraper.io/test-sites/e-commerce/ajax/product/81,webscraper_test_site,2026-09-26T09:05:03.977361+00:00,454.62,USD,5.0,laptops,webscraper,"acer aspire es1-572 black, 15.6"" hd, core i5-7200u, 4gb, 500gb, linux"
lenovo v110-15isk,https://webscraper.io/test-sites/e-commerce/ajax/product/82,webscraper_test_site,2026-09-26T09:05:03.977361+00:00,454.73,USD,5.0,laptops,webscraper,"lenovo v110-15isk, 15.6"" hd, core i3-6006u, 4gb, 128gb ssd, windows 10 pro"
acer aspire a315-51-33tg,https://webscraper.io/test-sites/e-commerce/ajax/product/83,webscraper_test_site,2026-09-26T09:05:03.977361+00:00,457.38,USD,5.0,laptops,webscraper,"acer aspire a315-51-33tg, black 15.6"" hd, core i3-7100u, 4gb ddr4, 128gb ssd, windows 10 home, eng"
lenovo v110-15ikb,https://webscraper.io/test-sites/e-commerce/ajax/product/84,webscraper_test_site,2026-09-26T09:05:03.977361+00:00,465.95,USD,5.0,laptops,webscraper,"lenovo v110-15ikb, 15.6"" hd, core i5-7200u, 4gb, 500gb, dos"
asus vivobook 15 x540ua-dm260 chocolate black,https://webscraper.io/test-sites/e-commerce/ajax/product/85,webscraper_test_site,2026-09-26T09:05:03.977361+00:00,468.56,USD,5.0,laptops,webscraper,"asus vivobook 15 x540ua-dm260 chocolate black, 15.6"" fhd, core i3-6006u, 4gb, 256gb ssd, endless os, en kbd"
acer aspire es1-572 black,https://webscraper.io/test-sites/e-commerce/ajax/product/86,webscraper_test_site,2026-09-26T09:05:03.977361+00:00,469.1,USD,5.0,laptops,webscraper,"acer aspire es1-572 black, 15.6"" hd, core i3-6006u, 4gb, 128gb ssd, windows 10 home"
lenovo v510 black,https://webscraper.io/test-sites/e-commerce/ajax/product/87,webscraper_test_site,2026-09-26T09:05:03.977361+00:00,484.23,USD,5.0,laptops,webscraper,"lenovo v510 black, 14"" hd, core i3-6006u, 4gb, 128gb ssd, windows 10 home"
acer aspire es1-572 black,https://webscraper.io/test-sites/e-commerce/ajax/product/88,webscraper_test_site,2026-09-26T09:05:03.977361+00:00,485.9,USD,5.0,laptops,webscraper,"acer aspire es1-572 black, 15.6"" hd, core i5-7200u, 4gb, 128gb ssd, linux"
lenovo v510 black,https://webscraper.io/test-sites/e-commerce/ajax/product/89,webscraper_test_site,2026-09-26T09:05:03.977361+00:00,487.8,USD,5.0,laptops,webscraper,"lenovo v510 black, 15.6"" hd, core i3-6006u, 4gb, 128gb ssd, windows 10 home"
acer swift 1 sf113-31 silver,https://webscraper.io/test-sites/e-commerce/ajax/product/90,webscraper_test_site,2026-09-26T09:05:03.977361+00:00,488.64,USD,5.0,laptops,webscraper,"acer swift 1 sf113-31 silver, 13.3"" fhd, pentium n4200, 4gb, 128gb ssd, windows 10 home"
dell vostro 15,https://webscraper.io/test-sites/e-commerce/ajax/product/46,webscraper_test_site,2026-09-26T09:05:03.977361+00:00,488.78,USD,5.0,laptops,webscraper,"dell vostro 15 (3568) black, 15.6"" fhd, core i5-7200u, 4gb, 128gb ssd, radeon r5 m420 2gb, linux"
acer aspire 3 a315-51 black,https://webscraper.io/test-sites/e-commerce/ajax/product/91,webscraper_test_site,2026-09-26T09:05:03.977361+00:00,494.71,USD,5.0,laptops,webscraper,"acer aspire 3 a315-51 black, 15.6"" fhd, core i3-7100u, 4gb, 500gb + 128gb ssd, windows 10 home"
dell vostro 15 (3568) red,https://webscraper.io/test-sites/e-commerce/ajax/product/92,webscraper_test_site,2026-09-26T09:05:03.977361+00:00,497.17,USD,5.0,laptops,webscraper,"dell vostro 15 (3568) red, 15.6"" hd, core i5-7200u, 4gb, 1tb, radeon r5 m420 2gb, linux"
lenovo v510 black,https://webscraper.io/test-sites/e-commerce/ajax/product/93,webscraper_test_site,2026-09-26T09:05:03.977361+00:00,498.23,USD,5.0,laptops,webscraper,"lenovo v510 black, 15.6"" fhd, core i3-7100u, 4gb, 128gb ssd, windows 10 pro"
hp 250 g3,https://webscraper.io/test-sites/e-commerce/ajax/product/42,webscraper_test_site,2026-09-26T09:05:03.977361+00:00,520.99,USD,5.0,laptops,webscraper,"15.6"", core i5-4210u, 4gb, 500gb, windows 8.1"
acer spin 5,https://webscraper.io/test-sites/e-commerce/ajax/product/47,webscraper_test_site,2026-09-26T09:05:03.977361+00:00,564.98,USD,5.0,laptops,webscraper,"acer spin 5 sp513-51 black, 13.3"" fhd touch, core i3-7100u, 4gb, 128gb ssd, windows 10 home"
hp 350 g1,https://webscraper.io/test-sites/e-commerce/ajax/product/44,webscraper_test_site,2026-09-26T09:05:03.977361+00:00,577.99,USD,5.0,laptops,webscraper,"15.6"", core i5-4200u, 4gb, 750gb, radeon hd8670m 2gb, windows"
aspire e1-572g,https://webscraper.io/test-sites/e-commerce/ajax/product/36,webscraper_test_site,2026-09-26T09:05:03.977361+00:00,581.99,USD,5.0,laptops,webscraper,"15.6"", core i5-4200u, 8gb, 1tb, radeon r7 m265, windows 8.1"
pavilion,https://webscraper.io/test-sites/e-commerce/ajax/product/38,webscraper_test_site,2026-09-26T09:05:03.977361+00:00,609.99,USD,5.0,laptops,webscraper,"15.6"", core i5-4200u, 6gb, 750gb, windows 8.1"
acer aspire a515-51-5654,https://webscraper.io/test-sites/e-commerce/ajax/product/48,webscraper_test_site,2026-09-26T09:05:03.977361+00:00,679.0,USD,5.0,laptops,webscraper,"acer aspire a515-51-5654, black, 15.6"", fhd, core i5-8250u, 8gb ddr4, 256gb ssd, windows 10 home, eng"
dell inspiron 15,https://webscraper.io/test-sites/e-commerce/ajax/product/49,webscraper_test_site,2026-09-26T09:05:03.977361+00:00,679.0,USD,5.0,laptops,webscraper,"dell inspiron 15 (5567) fog gray, 15.6"" fhd, core i5-7200u, 8gb, 1tb, radeon r7 m445 4gb, linux"
asus vivobook s14,https://webscraper.io/test-sites/e-commerce/ajax/product/50,webscraper_test_site,2026-09-26T09:05:03.977361+00:00,729.0,USD,5.0,laptops,webscraper,"asus vivobook s14 (s406ua-bv041t) starry grey, 14"", core i5-8250u, 8gb, 256gb ssd, windows 10 home, eng kbd"
probook,https://webscraper.io/test-sites/e-commerce/ajax/product/34,webscraper_test_site,2026-09-26T09:05:03.977361+00:00,739.99,USD,5.0,laptops,webscraper,"14"", core i5 2.6ghz, 4gb, 500gb, win7 pro 64bit"
inspiron 15,https://webscraper.io/test-sites/e-commerce/ajax/product/39,webscraper_test_site,2026-09-26T09:05:03.977361+00:00,745.99,USD,5.0,laptops,webscraper,"moon silver, 15.6"", core i7-4510u, 8gb, 1tb, radeon hd r7 m265 2gb,"
asus rog strix gl553vd-dm256,https://webscraper.io/test-sites/e-commerce/ajax/product/51,webscraper_test_site,2026-09-26T09:05:03.977361+00:00,799.0,USD,5.0,laptops,webscraper,"asus rog strix gl553vd-dm256, 15.6"" fhd, core i5-7300hq, 8gb, 1tb, geforce gtx 1050 2gb, no os"
acer nitro 5 an515-51,https://webscraper.io/test-sites/e-commerce/ajax/product/52,webscraper_test_site,2026-09-26T09:05:03.977361+00:00,809.0,USD,5.0,laptops,webscraper,"acer nitro 5 an515-51, 15.6"" fhd ips, core i5-7300hq, 8gb, 1tb, geforce gtx 1050 2gb, windows 10 home"
asus rog strix gl553vd-dm256,https://webscraper.io/test-sites/e-commerce/ajax/product/53,webscraper_test_site,2026-09-26T09:05:03.977361+00:00,899.0,USD,5.0,laptops,webscraper,"asus rog strix gl553vd-dm256, 15.6"" fhd, core i5-7300hq, 8gb, 1tb, geforce gtx 1050 2gb, no os + windows 10 home"
lenovo thinkpad l570,https://webscraper.io/test-sites/e-commerce/ajax/product/54,webscraper_test_site,2026-09-26T09:05:03.977361+00:00,999.0,USD,5.0,laptops,webscraper,"lenovo thinkpad l570, 15.6"" fhd, core i7-7500u, 8gb, 256gb ssd, windows 10 pro"
thinkpad yoga,https://webscraper.io/test-sites/e-commerce/ajax/product/37,webscraper_test_site,2026-09-26T09:05:03.977361+00:00,1033.99,USD,5.0,laptops,webscraper,"12.5"" touch, core i3-4010u, 4gb, 500gb + 16gb ssd cache,"
lenovo thinkpad l460,https://webscraper.io/test-sites/e-commerce/ajax/product/94,webscraper_test_site,2026-09-26T09:05:03.977361+00:00,1096.02,USD,5.0,laptops,webscraper,"lenovo thinkpad l460, 14"" fhd ips, core i7-6600u, 8gb, 256gb ssd, windows 10 pro"
dell inspiron 15 (7567) black,https://webscraper.io/test-sites/e-commerce/ajax/product/95,webscraper_test_site,2026-09-26T09:05:03.977361+00:00,1098.42,USD,5.0,laptops,webscraper,"dell inspiron 15 (7567) black, 15.6"" fhd, core i5-7300hq, 8gb, 256gb ssd, geforce gtx 1050 4gb, windows 10 home"
msi gl72m 7rdx,https://webscraper.io/test-sites/e-commerce/ajax/product/96,webscraper_test_site,2026-09-26T09:05:03.977361+00:00,1099.0,USD,5.0,laptops,webscraper,"msi gl72m 7rdx, 17.3"" fhd, core i5-7300hq, 8gb, 1tb + 128gb ssd, geforce gtx 1050 2gb, windows 10 home"
msi gl72m 7rdx,https://webscraper.io/test-sites/e-commerce/ajax/product/97,webscraper_test_site,2026-09-26T09:05:03.977361+00:00,1099.0,USD,5.0,laptops,webscraper,"asus rog strix gl553vd-dm535t, 15.6"" fhd, core i7-7700hq, 8gb, 1tb + 128gb ssd, geforce gtx 1050 2gb, windows 10 home, eng kbd"
asus rog strix gl553vd-dm535t,https://webscraper.io/test-sites/e-commerce/ajax/product/98,webscraper_test_site,2026-09-26T09:05:03.977361+00:00,1101.83,USD,5.0,laptops,webscraper,"apple macbook air 13.3"", core i5 1.8ghz, 8gb, 128gb ssd, intel hd 4000, rus"
dell latitude 5280,https://webscraper.io/test-sites/e-commerce/ajax/product/99,webscraper_test_site,2026-09-26T09:05:03.977361+00:00,1102.66,USD,5.0,laptops,webscraper,"dell latitude 5280, 12.5"" hd, core i5-7300u, 8gb, 256gb ssd, windows 10 pro"
dell latitude 5480,https://webscraper.io/test-sites/e-commerce/ajax/product/100,webscraper_test_site,2026-09-26T09:05:03.977361+00:00,1110.14,USD,5.0,laptops,webscraper,"dell latitude 5480, 14"" fhd, core i5-7300u, 8gb, 500gb, linux + windows 10 home"
lenovo legion y520-15ikbm,https://webscraper.io/test-sites/e-commerce/ajax/product/101,webscraper_test_site,2026-09-26T09:05:03.977361+00:00,1112.91,USD,5.0,laptops,webscraper,"lenovo legion y520-15ikbm, black, 15.6"" fhd ips, core i5-7300hq, 8 gb, 128gb ssd + 2 tb hdd, nvidia geforce gtx 1060 6 gb, freedos + windows 10 home"
toshiba portege z30-c-16j grey,https://webscraper.io/test-sites/e-commerce/ajax/product/102,webscraper_test_site,2026-09-26T09:05:03.977361+00:00,1114.55,USD,5.0,laptops,webscraper,"toshiba portege z30-c-16j grey, 13.3"" fhd, core i5-6200u, 8gb, 256gb ssd, windows 10 pro"
acer predator helios 300 (ph317-51),https://webscraper.io/test-sites/e-commerce/ajax/product/103,webscraper_test_site,2026-09-26T09:05:03.977361+00:00,1123.87,USD,5.0,laptops,webscraper,"acer predator helios 300 (ph317-51), 17.3"" fhd ips, core i5-7300hq, 8gb, 1tb + 128gb ssd, geforce gtx 1050ti 4gb, windows 10 home"
acer aspire 7 a715-71g,https://webscraper.io/test-sites/e-commerce/ajax/product/104,webscraper_test_site,2026-09-26T09:05:03.977361+00:00,1123.87,USD,5.0,laptops,webscraper,"acer aspire 7 a715-71g, 15.6"" fhd ips, core i7-7700hq, 8gb, 128gb ssd + 1tb hdd, gtx 1050 ti 4gb, windows 10 home"
dell inspiron 17 2in1 (7779) silver,https://webscraper.io/test-sites/e-commerce/ajax/product/105,webscraper_test_site,2026-09-26T09:05:03.977361+00:00,1124.2,USD,5.0,laptops,webscraper,"dell inspiron 17 2in1 (7779) silver, 17.3"" fhd touch, core i5-7200u, 12gb, 1tb, geforce gt940mx 2gb, windows 10 home"
dell latitude 5480,https://webscraper.io/test-sites/e-commerce/ajax/product/106,webscraper_test_site,2026-09-26T09:05:03.977361+00:00,1133.82,USD,5.0,laptops,webscraper,"dell latitude 5480, 14"" fhd, core i5-7300u, 8gb, 500gb, windows 10 pro"
lenovo legion y520,https://webscraper.io/test-sites/e-commerce/ajax/product/107,webscraper_test_site,2026-09-26T09:05:03.977361+00:00,1133.91,USD,5.0,laptops,webscraper,"lenovo legion y520, 15.6"" fhd, core i7-7700hq, 8gb, 128 gb ssd + 1tb hdd, gtx 1050 4gb, windows 10 home"
asus asuspro advanced bu401la-fa271g dark grey,https://webscraper.io/test-sites/e-commerce/ajax/product/108,webscraper_test_site,2026-09-26T09:05:03.977361+00:00,1139.54,USD,5.0,laptops,webscraper,"asus asuspro advanced bu401la-fa271g dark grey, 14"", core i5-4210u, 4gb, 128gb ssd, win7 pro 64bit, eng"
acer nitro 5 an515-51,https://webscraper.io/test-sites/e-commerce/ajax/product/109,webscraper_test_site,2026-09-26T09:05:03.977361+00:00,1140.62,USD,5.0,laptops,webscraper,"acer nitro 5 an515-51, 15.6"" fhd ips, core i7-7700hq, 8gb, 256gb ssd +1tb, geforce gtx 1050 ti 4gb, windows 10 home + windows 10 home"
dell latitude 5480,https://webscraper.io/test-sites/e-commerce/ajax/product/110,webscraper_test_site,2026-09-26T09:05:03.977361+00:00,1143.4,USD,5.0,laptops,webscraper,"dell latitude 5480, 14"" fhd, core i5-7440hq, 8gb, 256gb ssd, windows 10 pro"
dell inspiron 15 (7567) black,https://webscraper.io/test-sites/e-commerce/ajax/product/111,webscraper_test_site,2026-09-26T09:05:03.977361+00:00,1144.2,USD,5.0,laptops,webscraper,"dell inspiron 15 (7567) black, 15.6"" fhd, core i7-7700hq, 8gb, 1tb, geforce gtx 1050 ti 4gb, linux + windows 10 home"
dell latitude 5580,https://webscraper.io/test-sites/e-commerce/ajax/product/112,webscraper_test_site,2026-09-26T09:05:03.977361+00:00,1144.4,USD,5.0,laptops,webscraper,"dell latitude 5580, 15.6"" fhd, core i5-7300u, 8gb, 256gb ssd, windows 10 pro"
lenovo legion y520-15ikbm,https://webscraper.io/test-sites/e-commerce/ajax/product/55,webscraper_test_site,2026-09-26T09:05:03.977361+00:00,1149.0,USD,5.0,laptops,webscraper,"lenovo legion y520-15ikbm, 15.6"" fhd ips, core i7-7700hq, 8gb, 128gb ssd + 1tb, geforce gtx 1060 max-q 6gb, dos"
msi gp62m 7rdx leopard,https://webscraper.io/test-sites/e-commerce/ajax/product/113,webscraper_test_site,2026-09-26T09:05:03.977361+00:00,1149.0,USD,5.0,laptops,webscraper,"msi gp62m 7rdx leopard, 15.6"" fhd, core i7-7700hq, 8gb, 1tb + 128gb ssd, geforce gtx 1050 2gb, windows 10 home"
lenovo yoga 720 grey,https://webscraper.io/test-sites/e-commerce/ajax/product/114,webscraper_test_site,2026-09-26T09:05:03.977361+00:00,1149.73,USD,5.0,laptops,webscraper,"lenovo yoga 720 grey, 15.6"" fhd ips, core i5-7300hq, 8gb, 256gb ssd, geforce gtx 1050 2gb, windows 10 home"
toshiba portege z30-c-16l grey,https://webscraper.io/test-sites/e-commerce/ajax/product/115,webscraper_test_site,2026-09-26T09:05:03.977361+00:00,1154.04,USD,5.0,laptops,webscraper,"toshiba portege z30-c-16l grey, 13.3"" fhd, core i7-6500u, 8gb, 256gb ssd, windows 10 pro"
acer travelmate p645-s-511a black,https://webscraper.io/test-sites/e-commerce/ajax/product/116,webscraper_test_site,2026-09-26T09:05:03.977361+00:00,1170.1,USD,5.0,laptops,webscraper,"acer travelmate p645-s-511a black, 14"" fhd ips, core i5-5200u, 8gb, 256gb ssd, 3g, windows 10 pro"
dell latitude 5580,https://webscraper.io/test-sites/e-commerce/ajax/product/117,webscraper_test_site,2026-09-26T09:05:03.977361+00:00,1178.19,USD,5.0,laptops,webscraper,"dell latitude 5580, 15.6"" fhd, core i5-7300u, 16gb, 256gb ssd, linux + windows 10 home"
thinkpad t540p,https://webscraper.io/test-sites/e-commerce/ajax/product/33,webscraper_test_site,2026-09-26T09:05:03.977361+00:00,1178.99,USD,5.0,laptops,webscraper,"15.6"", core i5-4200m, 4gb, 500gb, win7 pro 64bit"
msi gs63 7rd stealth,https://webscraper.io/test-sites/e-commerce/ajax/product/118,webscraper_test_site,2026-09-26T09:05:03.977361+00:00,1179.0,USD,5.0,laptops,webscraper,"msi gs63 7rd stealth, 15.6"" fhd ips, core i7-7700hq, 8gb, 256gb ssd, geforce gtx 1050 2gb, dos + windows 10 home"
dell latitude 5480,https://webscraper.io/test-sites/e-commerce/ajax/product/119,webscraper_test_site,2026-09-26T09:05:03.977361+00:00,1187.88,USD,5.0,laptops,webscraper,"dell latitude 5480, 14"" fhd, core i5-7300u, 8gb, 256gb ssd, windows 10 pro"
acer predator helios 300 (ph317-51),https://webscraper.io/test-sites/e-commerce/ajax/product/120,webscraper_test_site,2026-09-26T09:05:03.977361+00:00,1187.98,USD,5.0,laptops,webscraper,"acer predator helios 300 (ph317-51), 17.3"" fhd ips, core i7-7700hq. 8gb, 128gb ssd +1tb, geforce gtx 1050ti 4gb, linux + windows 10 home"
msi gl62m 7rex,https://webscraper.io/test-sites/e-commerce/ajax/product/121,webscraper_test_site,2026-09-26T09:05:03.977361+00:00,1199.0,USD,5.0,laptops,webscraper,"msi gl62m 7rex, 15.6"" fhd, core i7-7700hq, 8gb, 1tb + 128gb ssd, geforce gtx 1050 ti 2gb, windows 10 home"
msi gl62m 7rex2,https://webscraper.io/test-sites/e-commerce/ajax/product/122,webscraper_test_site,2026-09-26T09:05:03.977361+00:00,1199.0,USD,5.0,laptops,webscraper,"msi gl62m 7rex2, 15.6"" fhd, core i7-7700hq, 8gb, 1tb + 128gb ssd, geforce gtx 1050 ti 2gb, windows 10 home"
lenovo yoga 910 grey,https://webscraper.io/test-sites/e-commerce/ajax/product/123,webscraper_test_site,2026-09-26T09:05:03.977361+00:00,1199.73,USD,5.0,laptops,webscraper,"lenovo yoga 910 grey, 13.9"" fhd touch, core i5-7200u, 8gb, 256gb ssd, windows 10 home"
toshiba portege x30-d-10j black/blue,https://webscraper.io/test-sites/e-commerce/ajax/product/124,webscraper_test_site,2026-09-26T09:05:03.977361+00:00,1203.41,USD,5.0,laptops,webscraper,"toshiba portege x30-d-10j black/blue, 13.3"" fhd ips, core i5-7200u, 8gb, 256gb ssd, windows 10 pro"
lenovo ideapad miix 510 platinum silver,https://webscraper.io/test-sites/e-commerce/ajax/product/125,webscraper_test_site,2026-09-26T09:05:03.977361+00:00,1212.16,USD,5.0,laptops,webscraper,"lenovo ideapad miix 510 platinum silver, 12.2"" ips touch, core i5-7200u, 8gb, 256gb ssd, 4g, windows 10 pro"
acer predator helios 300 (ph317-51),https://webscraper.io/test-sites/e-commerce/ajax/product/126,webscraper_test_site,2026-09-26T09:05:03.977361+00:00,1221.58,USD,5.0,laptops,webscraper,"acer predator helios 300 (ph317-51), 17.3"" fhd ips, core i7-7700hq, 8gb, 1tb + 128gb ssd, geforce gtx 1050 ti 4gb, windows 10 home"
thinkpad yoga,https://webscraper.io/test-sites/e-commerce/ajax/product/43,webscraper_test_site,2026-09-26T09:05:03.977361+00:00,1223.99,USD,5.0,laptops,webscraper,"12.5"" touch, core i5 4200u, 8gb, 500gb + 16gb ssd cache, windows"
asus vivobook pro 15 n580vn-fi006t gold metal,https://webscraper.io/test-sites/e-commerce/ajax/product/127,webscraper_test_site,2026-09-26T09:05:03.977361+00:00,1235.49,USD,5.0,laptops,webscraper,"asus vivobook pro 15 n580vn-fi006t gold metal, 15.6"" uhd, core i7-7700hq, 16gb, 1tb + 256gb ssd, geforce mx150 2gb, windows 10 home, eng kbd"
dell latitude 5480,https://webscraper.io/test-sites/e-commerce/ajax/product/128,webscraper_test_site,2026-09-26T09:05:03.977361+00:00,1238.37,USD,5.0,laptops,webscraper,"dell latitude 5480, 14"" fhd, core i7-7600u, 8gb, 256gb ssd, linux"
asus zenbook ux530ux-fy040t blue,https://webscraper.io/test-sites/e-commerce/ajax/product/129,webscraper_test_site,2026-09-26T09:05:03.977361+00:00,1239.2,USD,5.0,laptops,webscraper,"asus zenbook ux530ux-fy040t blue, 15.6"" fhd, core i7-7500u, 8gb, 512gb ssd, geforce gtx950m 2gb, windows 10 home, eng kbd"
thinkpad x230,https://webscraper.io/test-sites/e-commerce/ajax/product/41,webscraper_test_site,2026-09-26T09:05:03.977361+00:00,1244.99,USD,5.0,laptops,webscraper,"12.5"", core i5 2.6ghz, 8gb, 180gb ssd, win7 pro 64bit"
asus rog strix gl753ve-gc096t,https://webscraper.io/test-sites/e-commerce/ajax/product/130,webscraper_test_site,2026-09-26T09:05:03.977361+00:00,1259.0,USD,5.0,laptops,webscraper,"asus rog strix gl753ve-gc096t, 17.3"" fhd, core i7-7700hq, 8gb, 1tb + 128gb ssd, geforce gtx 1050 ti 4gb, windows 10 home, eng kbd"
"apple macbook air 13""",https://webscraper.io/test-sites/e-commerce/ajax/product/131,webscraper_test_site,2026-09-26T09:05:03.977361+00:00,1260.13,USD,5.0,laptops,webscraper,"apple macbook air 13"", i5 1.8ghz, 8gb, 256gb ssd, intel hd 6000, eng"
dell latitude 5480,https://webscraper.io/test-sites/e-commerce/ajax/product/132,webscraper_test_site,2026-09-26T09:05:03.977361+00:00,1271.06,USD,5.0,laptops,webscraper,"dell latitude 5480, 14"" fhd, core i7-7600u, 8gb, 1tb, geforce gt930mx, windows 10 pro"
hewlett packard spectre 13-v106na dark ash silver,https://webscraper.io/test-sites/e-commerce/ajax/product/133,webscraper_test_site,2026-09-26T09:05:03.977361+00:00,1273.11,USD,5.0,laptops,webscraper,"hewlett packard spectre 13-v106na dark ash silver, 13.3"" fhd ips, core i5-7200u, 8gb, 256gb ssd, windows 10 home"
dell xps 13,https://webscraper.io/test-sites/e-commerce/ajax/product/40,webscraper_test_site,2026-09-26T09:05:03.977361+00:00,1281.99,USD,5.0,laptops,webscraper,"13.3"" touch, core i5-4210u, 8gb, 128gb ssd, windows 8.1"
toshiba portege z30-c-16k grey,https://webscraper.io/test-sites/e-commerce/ajax/product/134,webscraper_test_site,2026-09-26T09:05:03.977361+00:00,1294.74,USD,5.0,laptops,webscraper,"toshiba portege z30-c-16k grey, 13.3"" fhd, core i5-6200u, 8gb, 256gb ssd, 4g, windows 10 pro"
msi gl62vr 7rfx,https://webscraper.io/test-sites/e-commerce/ajax/product/135,webscraper_test_site,2026-09-26T09:05:03.977361+00:00,1299.0,USD,5.0,laptops,webscraper,"msi gl62vr 7rfx, 15.6"" fhd, core i7-7700hq, 8gb, 1tb + 256gb ssd, geforce gtx 1060 3gb, windows 10 home"
dell latitude 5480,https://webscraper.io/test-sites/e-commerce/ajax/product/136,webscraper_test_site,2026-09-26T09:05:03.977361+00:00,1310.39,USD,5.0,laptops,webscraper,"dell latitude 5480, 14"" fhd, core i7-7600u, 8gb, 256gb ssd, windows 10 pro"
thinkpad x240,https://webscraper.io/test-sites/e-commerce/ajax/product/35,webscraper_test_site,2026-09-26T09:05:03.977361+00:00,1311.99,USD,5.0,laptops,webscraper,"12.5"", core i5-4300u, 8gb, 240gb ssd, win7 pro 64bit"
hewlett packard probook 640 g3,https://webscraper.io/test-sites/e-commerce/ajax/product/137,webscraper_test_site,2026-09-26T09:05:03.977361+00:00,1326.83,USD,5.0,laptops,webscraper,"hewlett packard probook 640 g3, 14"" fhd, core i7-7600u, 8gb, 256gb ssd, windows 10 pro"
"apple macbook pro 13"" space gray",https://webscraper.io/test-sites/e-commerce/ajax/product/138,webscraper_test_site,2026-09-26T09:05:03.977361+00:00,1333.0,USD,5.0,laptops,webscraper,"apple macbook pro 13"" space gray, core i5 2.3ghz, 8gb, 128gb ssd, iris plus 640, eng"
dell latitude 5580,https://webscraper.io/test-sites/e-commerce/ajax/product/139,webscraper_test_site,2026-09-26T09:05:03.977361+00:00,1337.28,USD,5.0,laptops,webscraper,"dell latitude 5580, 15.6"" fhd, core i7-7600u, 8gb, 256gb ssd, geforce gt930mx, windows 10 pro"
dell latitude 5480,https://webscraper.io/test-sites/e-commerce/ajax/product/140,webscraper_test_site,2026-09-26T09:05:03.977361+00:00,1338.37,USD,5.0,laptops,webscraper,"dell latitude 5480, 14"" fhd, core i7-7600u, 8gb, 256gb ssd, linux + windows 10 home"
dell latitude 5580,https://webscraper.io/test-sites/e-commerce/ajax/product/141,webscraper_test_site,2026-09-26T09:05:03.977361+00:00,1341.22,USD,5.0,laptops,webscraper,"dell latitude 5580, 15.6"" fhd, core i7-7600u, 16gb, 256gb ssd, geforce gt930mx, linux"
"apple macbook air 13""",https://webscraper.io/test-sites/e-commerce/ajax/product/142,webscraper_test_site,2026-09-26T09:05:03.977361+00:00,1347.78,USD,5.0,laptops,webscraper,"apple macbook air 13"", intel core i5 1.8ghz, 8gb, 256gb ssd, intel hd 6000, rus"
lenovo thinkpad t470,https://webscraper.io/test-sites/e-commerce/ajax/product/143,webscraper_test_site,2026-09-26T09:05:03.977361+00:00,1349.23,USD,5.0,laptops,webscraper,"lenovo thinkpad t470, 14"" fhd ips, core i5-7200u, 8gb, 256gb ssd, windows 10 pro"
lenovo thinkpad yoga 370 black,https://webscraper.io/test-sites/e-commerce/ajax/product/144,webscraper_test_site,2026-09-26T09:05:03.977361+00:00,1362.24,USD,5.0,laptops,webscraper,"lenovo thinkpad yoga 370 black, 13.3"" fhd ips touch, core i5-7200u, 8gb, 256gb ssd, 4g, windows 10 pro"
toshiba portege x20w-d-10v black/blue,https://webscraper.io/test-sites/e-commerce/ajax/product/145,webscraper_test_site,2026-09-26T09:05:03.977361+00:00,1366.32,USD,5.0,laptops,webscraper,"toshiba portege x20w-d-10v black/blue, 12.5"" fhd touch, core i7-7500u, 8gb, 512gb ssd, windows 10 pro"
asus asuspro b9440ua-gv0279r gray,https://webscraper.io/test-sites/e-commerce/ajax/product/146,webscraper_test_site,2026-09-26T09:05:03.977361+00:00,1381.13,USD,5.0,laptops,webscraper,"asus asuspro b9440ua-gv0279r gray, 14"" fhd, core i7-7500u, 16gb, 512gb ssd, windows 10 pro, eng kbd"
lenovo legion y720,https://webscraper.io/test-sites/e-commerce/ajax/product/56,webscraper_test_site,2026-09-26T09:05:03.977361+00:00,1399.0,USD,5.0,laptops,webscraper,"lenovo legion y720, 15.6"" fhd ips, core i7-7700hq, 8gb, 128gb ssd + 2tb hdd, geforce gtx 1060 6gb, dos, rgb backlit keyboard"
asus rog strix gl702vm-gc146t,https://webscraper.io/test-sites/e-commerce/ajax/product/147,webscraper_test_site,2026-09-26T09:05:03.977361+00:00,1399.0,USD,5.0,laptops,webscraper,"asus rog strix gl702vm-gc146t, 17.3"" fhd, core i7-7700hq, 8gb, 1tb + 128gb ssd, geforce gtx 1060 3gb, windows 10 home, eng kbd"
asus rog strix gl702zc-gc154t,https://webscraper.io/test-sites/e-commerce/ajax/product/57,webscraper_test_site,2026-09-26T09:05:03.977361+00:00,1769.0,USD,5.0,laptops,webscraper,"asus rog strix gl702zc-gc154t, 17.3"" fhd, ryzen 7 1700, 16gb, 256gb + 1tb hdd, radeon rx 580 4gb, windows 10 home"
asus rog strix gl702zc-gc209t,https://webscraper.io/test-sites/e-commerce/ajax/product/58,webscraper_test_site,2026-09-26T09:05:03.977361+00:00,1769.0,USD,5.0,laptops,webscraper,"asus rog strix gl702zc-gc209t, 17.3"" fhd ips, ryzen 7 1700, 16gb, 256gb ssd + 1tb hdd, radeon rx 580 4gb, windows 10 home"
asus rog strix scar edition gl503vm-ed115t,https://webscraper.io/test-sites/e-commerce/ajax/product/59,webscraper_test_site,2026-09-26T09:05:03.977361+00:00,1799.0,USD,5.0,laptops,webscraper,"asus rog strix scar edition gl503vm-ed115t, 15.6"" fhd 120hz, core i7-7700hq, 16gb, 256gb ssd + 1tb sshd, geforce gtx 1060 6gb, windows 10 home"
